Method,Average,rte,cb,winogrande,wic,wsc,copa,h-swag,story_cloze,anli-r1,anli-r2,anli-r3
Individual,0.7135454545,0.827,0.958,0.751,0.717,0.653,0.853,0.444,0.949,0.702,0.465,0.53
Zeroshot,0.5529090909,0.798,0.464,0.528,0.541,0.452,0.85,0.361,0.91,0.397,0.376,0.405
Average,0.5801818182,0.812,0.583,0.538,0.552,0.535,0.809,0.401,0.925,0.433,0.392,0.402